{
  "train_loss": [
    2.949524164199829,
    1.669067621231079,
    1.247124195098877
  ],
  "train_acc": [
    0.0,
    0.0,
    0.0
  ],
  "val_loss": [
    0.8652423620223999,
    0.8622957468032837,
    0.8599725961685181
  ],
  "val_acc": [
    0.0,
    0.0,
    0.0
  ]
}